point,numerical_iteration,numerical_gross_mass_kg,numerical_battery_mass_kg,numerical_structure_mass_kg,numerical_propulsion_mass_kg,numerical_total_disk_area_m2,numerical_ideal_induced_power_w,numerical_propulsion_hover_power_w,numerical_total_hover_power_w,numerical_required_nominal_battery_energy_wh,numerical_installed_nominal_battery_energy_wh,numerical_energy_limited_battery_mass_kg,numerical_power_limited_battery_mass_kg,numerical_relative_mass_change
light_short,1.0,4.90483422,1.67002959,1.02696307,0.65997864,0.81722083,242.65165789,542.02514421,594.19905725,275.09215614,320.84107544,1.43189908,1.67002959,0.01940245
light_short,2.0,4.83216957,1.63951254,1.01578699,0.64741717,0.80166654,238.03323083,531.70869465,583.88260769,270.31602208,314.97822981,1.40703853,1.63951254,0.01503768
light_short,3.0,4.77668587,1.61621098,1.00725339,0.63782574,0.78978993,234.50679169,523.8314821,576.00539514,266.66916442,310.50160431,1.38805605,1.61621098,0.01161552
light_short,4.0,4.73432082,1.59841887,1.0007375,0.63050213,0.78072144,231.81414918,517.81676966,569.99068271,263.88457533,307.08343895,1.37356182,1.59841887,0.0089485
light_short,5.0,4.70197262,1.58483356,0.99576223,0.62491013,0.77379712,229.75815916,513.22418498,565.39809802,261.75837871,304.4734698,1.36249462,1.58483356,0.00687971
light_short,6.0,4.67727289,1.57446038,0.99196332,0.6206403,0.76851,228.18829054,509.71747799,561.89139104,260.13490326,302.48060572,1.35404417,1.57446038,0.0052808
light_short,7.0,4.65841319,1.56653986,0.98906263,0.61738004,0.76447297,226.98960405,507.03990214,559.21381519,258.89528481,300.95893746,1.34759175,1.56653986,0.00404852
light_short,8.0,4.64401271,1.56049207,0.98684779,0.61489064,0.76139046,226.07433681,504.9954164,557.16932944,257.94876363,299.79705475,1.34266496,1.56049207,0.00310087
light_short,9.0,4.6330171,1.55587423,0.98515663,0.61298984,0.75903679,225.37547675,503.43433197,555.60824501,257.22603936,298.90988936,1.33890306,1.55587423,0.00237331
light_short,10.0,4.62462131,1.55234824,0.98386532,0.61153847,0.75723962,224.84185623,502.24235271,554.41626576,256.67419711,298.2324867,1.33603063,1.55234824,0.00181545
light_short,11.0,4.61821064,1.54965594,0.98287934,0.61043026,0.75586738,224.43440575,501.33220685,553.50611989,256.25283328,297.71525016,1.33383737,1.54965594,0.00138813
light_short,12.0,4.61331571,1.54760021,0.98212648,0.60958408,0.75481959,224.12329348,500.63725725,552.81117029,255.93109736,297.32030981,1.33216268,1.54760021,0.00106104
light_short,13.0,4.60957815,1.54603054,0.98155163,0.60893797,0.75401954,223.88574107,500.10662259,552.28053564,255.68543317,297.01874976,1.33088396,1.54603054,0.00081083
light_short,14.0,4.6067243,1.54483201,0.9811127,0.60844463,0.75340866,223.70435592,499.701452,551.87536505,255.49785419,296.78849102,1.32990758,1.54483201,0.0006195
light_short,15.0,4.60454522,1.54391686,0.98077755,0.60806793,0.75294221,223.56585774,499.39208056,551.56599361,255.35462667,296.61267501,1.32916206,1.54391686,0.00047325
light_short,16.0,4.60288137,1.54321809,0.98052164,0.6077803,0.75258606,223.46010629,499.15585738,551.32977042,255.24526408,296.4784292,1.32859281,1.54321809,0.00036148
light_short,17.0,4.60161091,1.54268453,0.98032624,0.60756068,0.75231411,223.37935887,498.97548716,551.1494002,255.16175935,296.37592468,1.32815815,1.54268453,0.00027609
light_short,18.0,4.60064085,1.54227714,0.98017704,0.60739298,0.75210646,223.31770349,498.83776395,551.01167699,255.09799861,296.29765648,1.32782627,1.54227714,0.00021085
light_short,19.0,4.59990015,1.54196606,0.98006312,0.60726494,0.75194791,223.270626,498.73260422,550.90651727,255.04931355,296.23789414,1.32757285,1.54196606,0.00016103
light_short,20.0,4.59933458,1.54172854,0.97997613,0.60716717,0.75182685,223.23467959,498.65230863,550.82622167,255.01213966,296.19226209,1.32737936,1.54172854,0.00012297
light_short,21.0,4.59890274,1.54154718,0.97990972,0.60709252,0.75173441,223.2072324,498.59099824,550.76491128,254.98375522,296.15741936,1.32723161,1.54154718,9.39e-05
light_short,22.0,4.598573,1.5414087,0.979859,0.60703552,0.75166383,223.18627486,498.54418417,550.71809722,254.96208205,296.13081489,1.3271188,1.5414087,7.17e-05
light_short,23.0,4.59832123,1.54130296,0.97982028,0.60699199,0.75160993,223.17027256,498.5084389,550.68235194,254.94553331,296.11050082,1.32703266,1.54130296,5.475e-05
light_short,24.0,4.59812898,1.54122222,0.97979071,0.60695876,0.75156878,223.15805387,498.48114529,550.65505833,254.93289738,296.09498985,1.32696689,1.54122222,4.181e-05
light_short,25.0,4.59798219,1.54116058,0.97976813,0.60693338,0.75153736,223.14872418,498.46030502,550.63421807,254.92324911,296.08314631,1.32691667,1.54116058,3.192e-05
light_short,26.0,4.59787011,1.5411135,0.97975089,0.60691401,0.75151337,223.14160042,498.44439226,550.6183053,254.91588209,296.07410307,1.32687832,1.5411135,2.438e-05
light_short,27.0,4.59778453,1.54107756,0.97973773,0.60689921,0.75149505,223.13616101,498.43224194,550.60615498,254.91025694,296.06719804,1.32684904,1.54107756,1.861e-05
light_short,28.0,4.59771918,1.54105012,0.97972768,0.60688792,0.75148106,223.1320077,498.42296445,550.5968775,254.9059618,296.06192564,1.32682668,1.54105012,1.421e-05
light_short,29.0,4.59766929,1.54102916,0.97972001,0.60687929,0.75147038,223.12883641,498.41588055,550.5897936,254.90268222,296.05789985,1.32680961,1.54102916,1.085e-05
light_short,30.0,4.59763119,1.54101316,0.97971415,0.60687271,0.75146223,223.12641494,498.41047158,550.58438462,254.90017807,296.05482593,1.32679658,1.54101316,8.29e-06
light_short,31.0,4.5976021,1.54100095,0.97970967,0.60686768,0.751456,223.12456601,498.40634151,550.58025456,254.898266,296.05247881,1.32678662,1.54100095,6.33e-06
light_short,32.0,4.59757989,1.54099162,0.97970626,0.60686384,0.75145124,223.12315424,498.40318797,550.57710101,254.89680602,296.05068664,1.32677903,1.54099162,4.83e-06
light_short,33.0,4.59756292,1.54098449,0.97970365,0.60686091,0.75144761,223.12207628,498.40078005,550.57469309,254.89569125,296.04931822,1.32677322,1.54098449,3.69e-06
light_short,34.0,4.59754997,1.54097906,0.97970166,0.60685867,0.75144484,223.12125319,498.39894146,550.5728545,254.89484005,296.04827335,1.32676879,1.54097906,2.82e-06
light_short,35.0,4.59754009,1.5409749,0.97970013,0.60685696,0.75144272,223.12062471,498.39753759,550.57145064,254.89419011,296.04747553,1.32676541,1.5409749,2.15e-06
light_short,36.0,4.59753254,1.54097173,0.97969897,0.60685565,0.75144111,223.12014483,498.39646566,550.5703787,254.89369384,296.04686635,1.32676283,1.54097173,1.64e-06
light_short,37.0,4.59752677,1.54096931,0.97969809,0.60685466,0.75143987,223.11977841,498.39564717,550.56956022,254.89331491,296.0464012,1.32676085,1.54096931,1.25e-06
light_short,38.0,4.59752237,1.54096746,0.97969741,0.6068539,0.75143893,223.11949863,498.39502221,550.56893525,254.89302558,296.04604604,1.32675935,1.54096746,9.6e-07
light_short,39.0,4.59751901,1.54096605,0.97969689,0.60685331,0.75143821,223.119285,498.39454502,550.56845806,254.89280466,296.04577485,1.3267582,1.54096605,7.3e-07
light_short,40.0,4.59751644,1.54096497,0.9796965,0.60685287,0.75143766,223.11912188,498.39418065,550.56809369,254.89263597,296.04556778,1.32675732,1.54096497,5.6e-07
light_short,41.0,4.59751448,1.54096415,0.9796962,0.60685253,0.75143724,223.11899733,498.39390244,550.56781548,254.89250717,296.04540967,1.32675665,1.54096415,4.3e-07
light_short,42.0,4.59751299,1.54096352,0.97969597,0.60685227,0.75143692,223.11890223,498.39369,550.56760305,254.89240882,296.04528894,1.32675614,1.54096352,3.3e-07
light_short,43.0,4.59751184,1.54096304,0.97969579,0.60685208,0.75143668,223.11882962,498.3935278,550.56744084,254.89233372,296.04519676,1.32675575,1.54096304,2.5e-07
light_short,44.0,4.59751097,1.54096268,0.97969566,0.60685192,0.75143649,223.11877417,498.39340394,550.56731699,254.89227638,296.04512638,1.32675545,1.54096268,1.9e-07
light_short,45.0,4.5975103,1.5409624,0.97969555,0.60685181,0.75143635,223.11873184,498.39330937,550.56722242,254.8922326,296.04507263,1.32675522,1.5409624,1.4e-07
light_short,46.0,4.5975098,1.54096218,0.97969548,0.60685172,0.75143624,223.11869951,498.39323717,550.56715021,254.89219917,296.0450316,1.32675505,1.54096218,1.1e-07
light_short,47.0,4.59750941,1.54096202,0.97969542,0.60685165,0.75143616,223.11867483,498.39318203,550.56709507,254.89217364,296.04500026,1.32675491,1.54096202,8e-08
middle,1.0,5.66159706,2.24607404,1.23685107,0.65997864,0.81722083,242.65165789,542.02514421,621.3729703,431.50900715,431.50900715,2.24607404,1.70475182,0.11685697
middle,2.0,6.19732752,2.50532162,1.32302419,0.74730663,0.92535501,274.75918279,613.74559306,693.09341914,481.31487441,481.31487441,2.50532162,1.91690786,0.0864454
middle,3.0,6.63113707,2.71524823,1.39280316,0.81802076,1.01291703,300.75835952,671.82146872,751.16929481,521.64534362,521.64534362,2.71524823,2.08870193,0.06542008
middle,4.0,6.98241581,2.885237,1.44930693,0.87528177,1.08382067,321.81128068,718.84860518,798.19643127,554.30307727,554.30307727,2.885237,2.22781276,0.05030906
middle,5.0,7.26686497,3.02288599,1.49506104,0.92164906,1.14123513,338.85895468,756.92898775,836.27681384,580.74778739,580.74778739,3.02288599,2.34045822,0.03914331
middle,6.0,7.49719863,3.13434772,1.53211059,0.95919513,1.18772669,352.66336629,787.76470614,867.11253223,602.16148071,602.16148071,3.13434772,2.43167326,0.03072263
middle,7.0,7.68371209,3.22460423,1.56211158,0.98959819,1.22537338,363.8415352,812.73403324,892.08185933,619.5012912,619.5012912,3.22460423,2.50553496,0.02427387
middle,8.0,7.83474199,3.29768975,1.58640499,1.01421717,1.25585792,372.89309523,832.95303019,912.30085628,633.54226131,633.54226131,3.29768975,2.56534471,0.01927695
middle,9.0,7.95703896,3.35687099,1.60607666,1.03415248,1.28054288,380.22262654,849.32543126,928.67325735,644.91198427,644.91198427,3.35687099,2.61377586,0.01536966
middle,10.0,8.05606935,3.4047932,1.62200586,1.05029515,1.3005316,386.15773926,862.58303831,941.9308644,654.11865583,654.11865583,3.4047932,2.65299315,0.01229264
middle,11.0,8.13625954,3.44359838,1.63490458,1.06336674,1.31671754,390.96371684,873.3184304,952.66625649,661.57378923,661.57378923,3.44359838,2.68474948,0.0098559
middle,12.0,8.20119382,3.475021,1.64534937,1.07395151,1.32982416,394.85537341,882.0114504,961.35927649,667.61060867,667.61060867,3.475021,2.71046427,0.00791766
middle,13.0,8.25377457,3.50046557,1.65380707,1.08252255,1.34043729,398.00665546,889.0506527,968.39847879,672.4989436,672.4989436,3.50046557,2.73128691,0.00637051
middle,14.0,8.29635201,3.5210694,1.66065572,1.08946299,1.34903131,400.55841674,894.75067054,974.09849662,676.45728932,676.45728932,3.5210694,2.74814812,0.00513207
middle,15.0,8.33082924,3.53775342,1.66620143,1.09508303,1.35599034,402.62471406,899.36627923,978.71410532,679.66257314,679.66257314,3.53775342,2.76180154,0.00413851
middle,16.0,8.35874729,3.55126336,1.6706921,1.09963387,1.36162544,404.29790529,903.10378396,982.45161005,682.25806253,682.25806253,3.55126336,2.77285744,0.00333998
middle,17.0,8.38135403,3.56220308,1.67432843,1.10331894,1.36618849,405.65277754,906.13024103,985.47806712,684.35976883,684.35976883,3.56220308,2.78180999,0.00269727
middle,18.0,8.39965991,3.57106155,1.67727296,1.10630293,1.36988342,406.74988992,908.58092487,987.92875096,686.06163261,686.06163261,3.57106155,2.78905935,0.00217936
middle,19.0,8.41448315,3.57823473,1.6796573,1.10871923,1.37287541,407.63828038,910.56537439,989.91320047,687.43972255,687.43972255,3.57823473,2.79492955,0.00176164
middle,20.0,8.42648633,3.58404324,1.68158803,1.11067583,1.37529819,408.35765755,912.17228908,991.52011517,688.55563553,688.55563553,3.58404324,2.79968296,0.00142446
middle,21.0,8.43620594,3.5887467,1.68315145,1.1122602,1.37726004,408.94017564,913.47349368,992.82131977,689.45924984,689.45924984,3.5887467,2.80353205,0.00115213
middle,22.0,8.44407643,3.59255534,1.68441743,1.11354315,1.37884865,409.41187164,914.5271485,993.87497459,690.19095458,690.19095458,3.59255534,2.80664886,0.00093207
middle,23.0,8.45044959,3.5956394,1.68544256,1.11458202,1.38013504,409.79382906,915.38034905,994.72817514,690.78345496,690.78345496,3.5956394,2.80917271,0.00075418
middle,24.0,8.45561027,3.59813673,1.68627267,1.11542325,1.38117669,410.10312038,916.07123108,995.41905717,691.26323414,691.26323414,3.59813673,2.81121641,0.00061033
middle,25.0,8.45978915,3.60015895,1.68694485,1.11610444,1.38202017,410.35357006,916.63067514,995.97850122,691.65173696,691.65173696,3.60015895,2.8128713,0.00049397
middle,26.0,8.46317301,3.60179645,1.68748915,1.11665603,1.38270319,410.55637254,917.08368685,996.43151293,691.96632843,691.96632843,3.60179645,2.81421135,0.00039983
middle,27.0,8.46591311,3.60312242,1.6879299,1.11710269,1.38325626,410.72059253,917.45051461,996.7983407,692.22106993,692.22106993,3.60312242,2.81529646,0.00032366
middle,28.0,8.46813191,3.60419613,1.68828679,1.11746437,1.38370411,410.85357023,917.74755463,997.09538072,692.42734772,692.42734772,3.60419613,2.81617513,0.00026202
middle,29.0,8.46992859,3.60506557,1.68857579,1.11775724,1.38406676,410.96124936,917.98808379,997.33590988,692.59438186,692.59438186,3.60506557,2.81688664,0.00021212
middle,30.0,8.47138346,3.6057696,1.68880981,1.11799439,1.38436042,411.04844291,918.18285309,997.53067918,692.72963832,692.72963832,3.6057696,2.81746279,0.00017174
middle,31.0,8.47256154,3.60633969,1.68899931,1.11818643,1.38459821,411.11904818,918.34056819,997.68839428,692.83916269,692.83916269,3.60633969,2.81792932,0.00013905
middle,32.0,8.4735155,3.60680133,1.68915275,1.11834193,1.38479076,411.17622103,918.46827852,997.81610461,692.92785042,692.92785042,3.60680133,2.8183071,0.00011258
middle,33.0,8.47428797,3.60717514,1.68927701,1.11846785,1.38494668,411.22251694,918.5716924,997.91951848,692.99966561,692.99966561,3.60717514,2.81861301,9.115e-05
middle,34.0,8.47491348,3.60747783,1.68937762,1.11856981,1.38507294,411.26000521,918.65543213,998.00325822,693.05781821,693.05781821,3.60747783,2.81886072,7.381e-05
middle,35.0,8.47541999,3.60772294,1.68945909,1.11865238,1.38517517,411.29036146,918.72324066,998.07106675,693.10490746,693.10490746,3.60772294,2.81906131,5.976e-05
middle,36.0,8.47583014,3.60792141,1.68952507,1.11871924,1.38525796,411.31494254,918.77814885,998.12597494,693.14303815,693.14303815,3.60792141,2.81922373,4.839e-05
middle,37.0,8.47616226,3.60808213,1.68957849,1.11877337,1.38532499,411.33484716,918.82261094,998.17043703,693.1739146,693.1739146,3.60808213,2.81935525,3.918e-05
middle,38.0,8.47643119,3.60821227,1.68962175,1.11881721,1.38537928,411.35096498,918.85861427,998.20644036,693.19891691,693.19891691,3.60821227,2.81946176,3.173e-05
middle,39.0,8.47664896,3.60831765,1.68965678,1.11885271,1.38542323,411.36401645,918.88776809,998.23559417,693.21916262,693.21916262,3.60831765,2.81954799,2.569e-05
middle,40.0,8.4768253,3.60840299,1.68968514,1.11888145,1.38545883,411.37458491,918.91137549,998.25920157,693.23555665,693.23555665,3.60840299,2.81961783,2.08e-05
middle,41.0,8.4769681,3.60847209,1.68970811,1.11890473,1.38548765,411.38314277,918.93049166,998.27831775,693.24883177,693.24883177,3.60847209,2.81967438,1.684e-05
middle,42.0,8.47708372,3.60852804,1.68972671,1.11892358,1.38551099,411.39007252,918.94597104,998.29379713,693.25958134,693.25958134,3.60852804,2.81972016,1.364e-05
middle,43.0,8.47717735,3.60857335,1.68974177,1.11893884,1.38552988,411.3956839,918.95850553,998.30633162,693.26828584,693.26828584,3.60857335,2.81975724,1.104e-05
middle,44.0,8.47725317,3.60861004,1.68975396,1.1189512,1.38554519,411.40022774,918.96865537,998.31648146,693.27533435,693.27533435,3.60861004,2.81978727,8.94e-06
middle,45.0,8.47731456,3.60863975,1.68976384,1.11896121,1.38555758,411.40390713,918.97687424,998.32470033,693.28104189,693.28104189,3.60863975,2.81981158,7.24e-06
middle,46.0,8.47736427,3.6086638,1.68977184,1.11896931,1.38556761,411.40688653,918.9835295,998.33135558,693.2856636,693.2856636,3.6086638,2.81983127,5.86e-06
middle,47.0,8.47740453,3.60868328,1.68977831,1.11897587,1.38557574,411.40929911,918.98891861,998.3367447,693.28940604,693.28940604,3.60868328,2.81984721,4.75e-06
middle,48.0,8.47743713,3.60869906,1.68978355,1.11898119,1.38558232,411.4112527,918.99328247,998.34110855,693.2924365,693.2924365,3.60869906,2.81986012,3.85e-06
middle,49.0,8.47746352,3.60871183,1.6897878,1.11898549,1.38558765,411.41283463,918.99681611,998.3446422,693.29489042,693.29489042,3.60871183,2.81987057,3.11e-06
middle,50.0,8.47748489,3.60872217,1.68979124,1.11898897,1.38559196,411.41411561,918.9996775,998.34750358,693.29687749,693.29687749,3.60872217,2.81987903,2.52e-06
middle,51.0,8.4775022,3.60873055,1.68979402,1.11899179,1.38559545,411.41515288,919.00199451,998.3498206,693.29848653,693.29848653,3.60873055,2.81988589,2.04e-06
middle,52.0,8.47751622,3.60873733,1.68979628,1.11899408,1.38559828,411.41599281,919.00387072,998.35169681,693.29978945,693.29978945,3.60873733,2.81989144,1.65e-06
middle,53.0,8.47752757,3.60874282,1.6897981,1.11899593,1.38560057,411.41667295,919.00538999,998.35321607,693.3008445,693.3008445,3.60874282,2.81989593,1.34e-06
middle,54.0,8.47753675,3.60874727,1.68979958,1.11899743,1.38560243,411.4172237,919.00662022,998.35444631,693.30169882,693.30169882,3.60874727,2.81989957,1.08e-06
middle,55.0,8.4775442,3.60875087,1.68980078,1.11899864,1.38560393,411.41766966,919.0076164,998.35544249,693.30239062,693.30239062,3.60875087,2.81990252,8.8e-07
middle,56.0,8.47755022,3.60875378,1.68980175,1.11899962,1.38560515,411.41803079,919.00842307,998.35624915,693.3029508,693.3029508,3.60875378,2.8199049,7.1e-07
middle,57.0,8.4775551,3.60875615,1.68980253,1.11900042,1.38560613,411.41832321,919.00907626,998.35690235,693.30340441,693.30340441,3.60875615,2.81990684,5.8e-07
middle,58.0,8.47755905,3.60875806,1.68980317,1.11900106,1.38560693,411.41856,919.00960519,998.35743128,693.30377172,693.30377172,3.60875806,2.8199084,4.7e-07
middle,59.0,8.47756225,3.60875961,1.68980368,1.11900158,1.38560757,411.41875174,919.0100335,998.35785958,693.30406916,693.30406916,3.60875961,2.81990967,3.8e-07
middle,60.0,8.47756484,3.60876086,1.6898041,1.119002,1.3856081,411.418907,919.01038032,998.3582064,693.30431,693.30431,3.60876086,2.81991069,3.1e-07
middle,61.0,8.47756694,3.60876187,1.68980443,1.11900235,1.38560852,411.41903273,919.01066116,998.35848724,693.30450503,693.30450503,3.60876187,2.81991152,2.5e-07
middle,62.0,8.47756864,3.6087627,1.68980471,1.11900262,1.38560886,411.41913453,919.01088856,998.35871465,693.30466295,693.30466295,3.6087627,2.8199122,2e-07
middle,63.0,8.47757001,3.60876336,1.68980493,1.11900285,1.38560914,411.41921697,919.01107271,998.3588988,693.30479083,693.30479083,3.60876336,2.81991274,1.6e-07
middle,64.0,8.47757113,3.6087639,1.68980511,1.11900303,1.38560937,411.41928372,919.01122182,998.35904791,693.30489438,693.30489438,3.6087639,2.81991318,1.3e-07
middle,65.0,8.47757203,3.60876434,1.68980525,1.11900318,1.38560955,411.41933778,919.01134257,998.35916865,693.30497823,693.30497823,3.60876434,2.81991354,1.1e-07
middle,66.0,8.47757276,3.60876469,1.68980537,1.1190033,1.3856097,411.41938155,919.01144034,998.35926643,693.30504613,693.30504613,3.60876469,2.81991383,9e-08
demanding,1.0,6.96460298,3.66378733,1.59823946,0.65997864,0.81722083,242.65165789,542.02514421,675.72079638,703.87582957,703.87582957,3.66378733,1.77419626,0.28208399
demanding,2.0,8.80525736,4.81853527,1.92341418,0.91929784,1.13832373,337.99449211,754.99798733,888.6936395,925.72254115,925.72254115,4.81853527,2.40419058,0.20904038
demanding,3.0,10.52978315,5.90042911,2.22807333,1.16225636,1.43916795,427.32205919,954.53417781,1088.22982999,1133.57273957,1133.57273957,5.90042911,2.99443798,0.163776
demanding,4.0,12.14550703,6.91406527,2.51351126,1.3898864,1.72103163,511.01386787,1141.48144644,1275.17709861,1328.30947772,1328.30947772,6.91406527,3.54744612,0.13303058
demanding,5.0,13.6592934,7.86375019,2.78094064,1.60315505,1.98511228,589.42548333,1316.63403987,1450.32969204,1510.76009588,1510.76009588,7.86375019,4.06556447,0.11082465
demanding,6.0,15.0775736,8.75351862,3.03149766,1.80296838,2.23253183,662.89003782,1480.73609501,1614.43174719,1681.69973666,1681.69973666,8.75351862,4.55099426,0.09406555
demanding,7.0,16.40637319,9.58715074,3.26624681,1.99017531,2.46434145,731.71964598,1634.48480051,1768.18045268,1841.85463821,1841.85463821,9.58715074,5.00579784,0.08099289
demanding,8.0,17.65133759,10.36818824,3.48618541,2.16557118,2.68152599,796.20673082,1778.5333587,1912.22901087,1991.90521966,1991.90521966,10.36818824,5.43190744,0.07053088
demanding,9.0,18.81775605,11.09994936,3.69224789,2.32990116,2.88500816,856.62526614,1913.49376081,2047.18941298,2132.48897186,2132.48897186,11.09994936,5.83113339,0.06198499
demanding,10.0,19.91058409,11.78554301,3.8853097,2.48386342,3.07565246,913.23194048,2039.93938697,2173.63503914,2264.20316577,2264.20316577,11.78554301,6.20517182,0.05488679
demanding,11.0,20.9344646,12.42788192,4.06619106,2.62811205,3.25426882,966.26724764,2158.40744222,2292.1030944,2387.60739,2387.60739,12.42788192,6.55561181,0.04890885
demanding,12.0,21.89374755,13.02969507,4.23566044,2.7632599,3.42161612,1015.95650848,2269.40123887,2403.09689104,2503.22592817,2503.22592817,13.02969507,6.88394222,0.04381538
demanding,13.0,22.79250846,13.59353928,4.39443785,2.88988116,3.57840532,1062.51082813,2373.39233475,2507.08798693,2611.54998638,2611.54998638,13.59353928,7.19155796,0.03943229
demanding,14.0,23.63456571,14.12181004,4.54319785,3.00851376,3.72530255,1106.12799292,2470.82253671,2604.51818889,2713.03978009,2713.03978009,14.12181004,7.47976595,0.03562821
demanding,15.0,24.4234968,14.61675172,4.68257244,3.11966172,3.8629319,1146.99331064,2562.10577758,2695.80142975,2808.12648933,2808.12648933,14.61675172,7.74979062,0.03230213
demanding,16.0,25.1626535,15.08046706,4.81315375,3.22379725,3.99187808,1185.28039787,2647.62987479,2781.32552696,2897.21409059,2897.21409059,15.08046706,8.0027792,0.02937515
demanding,17.0,25.85517612,15.51492618,4.93549658,3.32136278,4.11268893,1221.15191754,2727.75817801,2861.45383019,2980.68107311,2980.68107311,15.51492618,8.23980649,0.02678468
demanding,18.0,26.50400685,15.92197487,5.05012068,3.41277281,4.22587771,1254.76027002,2802.83111285,2936.52676503,3058.8820469,3058.8820469,15.92197487,8.46187951,0.02448048
demanding,19.0,27.11190226,16.30334249,5.15751304,3.49841569,4.33192531,1286.24824062,2873.16762716,3006.86327933,3132.14924931,3132.14924931,16.30334249,8.66994173,0.02242172
demanding,20.0,27.68144498,16.66064927,5.25812992,3.57865529,4.43128227,1315.74960619,2939.06654606,3072.76219823,3200.79395649,3200.79395649,16.66064927,8.86487712,0.02057489
demanding,21.0,28.21505473,16.99541324,5.35239879,3.6538325,4.52437071,1343.38970345,3000.80784153,3134.5034937,3265.10780594,3265.10780594,16.99541324,9.04751386,0.01891224
demanding,22.0,28.71499855,17.30905664,5.44072015,3.7242667,4.61158611,1369.28596155,3058.65382186,3192.34947403,3325.36403545,3325.36403545,17.30905664,9.21862788,0.01741055
demanding,23.0,29.18340045,17.602912,5.52346923,3.79025715,4.69329901,1393.54840089,3112.85024606,3246.54589823,3381.81864399,3381.81864399,17.602912,9.37894616,0.01605029
demanding,24.0,29.62225045,17.87822774,5.6009976,3.8520842,4.76985657,1416.28010061,3163.62736799,3297.32302017,3434.71147934,3434.71147934,17.87822774,9.52914981,0.01481488
demanding,25.0,30.033413,18.13617357,5.67363463,3.91001053,4.84158404,1437.57763648,3211.20091458,3344.89656675,3484.26725703,3484.26725703,18.13617357,9.66987697,0.01369017
demanding,26.0,30.41863492,18.37784535,5.74168892,3.96428223,4.90878616,1457.53149122,3255.77300234,3389.46865451,3530.69651512,3530.69651512,18.37784535,9.80172553,0.01266401
demanding,27.0,30.77955284,18.60426984,5.8054496,4.01512988,4.97174844,1476.2264389,3297.53299607,3431.22864824,3574.19650859,3574.19650859,18.60426984,9.92525564,0.0117259
demanding,28.0,31.11770011,18.816409,5.86518757,4.0627695,5.03073836,1493.74190512,3336.65831337,3470.35396554,3614.95204744,3614.95204744,18.816409,10.04099212,0.01086672
demanding,29.0,31.43451337,19.0151641,5.92115661,4.10740349,5.08600656,1510.15230447,3373.3151784,3507.01083057,3653.13628185,3653.13628185,19.0151641,10.14942668,0.01007852
demanding,30.0,31.73133858,19.20137956,5.97359452,4.14922149,5.13778784,1525.52735662,3407.65932809,3541.35498026,3688.91143777,3688.91143777,19.20137956,10.25102001,0.00935432
demanding,31.0,32.00943681,19.37584652,6.02272406,4.18840115,5.18630219,1539.93238259,3439.83667377,3573.53232594,3722.42950619,3722.42950619,19.37584652,10.34620371,0.00868801
demanding,32.0,32.26998958,19.5393062,6.06875398,4.22510893,5.23175573,1553.42858221,3469.9839211,3603.67957328,3753.83288883,3753.83288883,19.5393062,10.43538219,0.00807415
demanding,33.0,32.51410383,19.69245305,6.11187983,4.25950078,5.27434155,1566.07329418,3498.22915087,3631.92480304,3783.25500317,3783.25500317,19.69245305,10.51893432,0.00750795
demanding,34.0,32.74281668,19.83593773,6.15228483,4.29172282,5.3142406,1577.92023964,3524.69236309,3658.38801527,3810.82084923,3810.82084923,19.83593773,10.59721507,0.00698513
demanding,35.0,32.95709984,19.97036983,6.19014064,4.32191194,5.35162239,1589.01975041,3549.48598691,3683.18163908,3836.64754071,3836.64754071,19.97036983,10.67055701,0.00650188
demanding,36.0,33.15786367,20.09632048,6.2256081,4.3501964,5.38664572,1599.41898283,3572.71535819,3706.41101036,3860.84480246,3860.84480246,20.09632048,10.73927174,0.00605479
demanding,37.0,33.34596112,20.2143248,6.25883788,4.37669637,5.4194594,1609.1621181,3594.47916705,3728.17481923,3883.5154367,3883.5154367,20.2143248,10.8036512,0.00564079
demanding,38.0,33.52219134,20.32488411,6.28997116,4.40152443,5.45020283,1618.29055001,3614.8698772,3748.56552937,3904.75575976,3904.75575976,20.32488411,10.8639689,0.00525712
demanding,39.0,33.68730302,20.42846813,6.31914021,4.42478606,5.47900663,1626.84306075,3633.97411867,3767.66977085,3924.6560113,3924.6560113,20.42846813,10.9204811,0.0049013
demanding,40.0,33.84199766,20.52551694,6.34646896,4.4465801,5.50599317,1634.85598572,3651.87305598,3785.56870815,3943.30073766,3943.30073766,20.52551694,10.97342789,0.00457108
demanding,41.0,33.98693248,20.61644285,6.37207352,4.46699913,5.53127711,1642.36336788,3668.64273286,3802.33838503,3960.76915107,3960.76915107,20.61644285,11.02303422,0.00426443
demanding,42.0,34.12272322,20.70163216,6.39606266,4.48612991,5.55496586,1649.39710239,3684.35439539,3818.05004756,3977.13546621,3977.13546621,20.70163216,11.06951084,0.00397948
demanding,43.0,34.2499468,20.7814468,6.41853831,4.50405371,5.57716006,1655.98707211,3699.07479468,3832.77044685,3992.46921547,3992.46921547,20.7814468,11.11305521,0.00371456
demanding,44.0,34.36914372,20.85622586,6.43959594,4.52084668,5.59795401,1662.16127459,3712.86647043,3846.5621226,4006.83554438,4006.83554438,20.85622586,11.15385232,0.00346814
demanding,45.0,34.48082041,20.92628705,6.45932503,4.53658016,5.61743605,1667.94594095,3725.78801667,3859.48366884,4020.29548838,4020.29548838,20.92628705,11.19207551,0.00323881
demanding,46.0,34.5854513,20.991928,6.47780939,4.55132101,5.63568896,1673.36564738,3737.89433067,3871.58998284,4032.90623213,4032.90623213,20.991928,11.22788716,0.00302529
demanding,47.0,34.68348094,21.05342761,6.49512756,4.56513184,5.65279027,1678.44341955,3749.23684617,3882.93249835,4044.72135245,4044.72135245,21.05342761,11.26143942,0.00282641
demanding,48.0,34.7753258,21.11104715,6.51135311,4.57807133,5.66881264,1683.2008304,3759.86375194,3893.55940412,4055.79104595,4055.79104595,21.11104715,11.29287484,0.00264109
demanding,49.0,34.86137608,21.16503143,6.52655497,4.59019446,5.68382415,1687.65809183,3769.82019645,3903.51584862,4066.16234231,4066.16234231,21.16503143,11.32232697,0.00246836
demanding,50.0,34.94199737,21.21560978,6.54079774,4.60155273,5.69788856,1691.83414053,3779.14847971,3912.84413188,4075.87930404,4075.87930404,21.21560978,11.34992093,0.00230729
demanding,51.0,35.01753219,21.2629971,6.55414191,4.6121944,5.71106564,1695.74671847,3787.88823299,3921.58388517,4084.98321371,4084.98321371,21.2629971,11.37577397,0.00215706
demanding,52.0,35.08830145,21.30739471,6.56664419,4.62216467,5.72341137,1699.41244827,3796.0765872,3929.77223937,4093.51274935,4093.51274935,21.30739471,11.39999592,0.00201689
demanding,53.0,35.15460581,21.34899123,6.57835769,4.63150591,5.73497819,1702.84690381,3803.74833061,3937.44398278,4101.50414873,4101.50414873,21.34899123,11.42268968,0.00188608
demanding,54.0,35.21672697,21.38796339,6.58933217,4.6402578,5.74581525,1706.06467638,3810.93605666,3944.63170884,4108.99136337,4108.99136337,21.38796339,11.44395167,0.00176397
demanding,55.0,35.27492884,21.42447677,6.59961426,4.64845753,5.75596859,1709.07943672,3817.67030247,3951.36595464,4116.00620275,4116.00620275,21.42447677,11.46387222,0.00164995
demanding,56.0,35.32945871,21.45868647,6.60924765,4.65613993,5.76548135,1711.90399306,3823.97967851,3957.67533069,4122.57846946,4122.57846946,21.45868647,11.48253596,0.00154347
demanding,57.0,35.38054823,21.49073786,6.61827326,4.66333764,5.77439394,1714.55034554,3829.89099021,3963.58664239,4128.73608582,4128.73608582,21.49073786,11.5000222,0.001444
demanding,58.0,35.42841448,21.5207671,6.62672943,4.67008124,5.78274422,1717.02973721,3835.42935182,3969.12500399,4134.50521249,4134.50521249,21.5207671,11.51640521,0.00135107
demanding,59.0,35.47326079,21.54890176,6.63465209,4.67639938,5.79056768,1719.35270177,3840.6182931,3974.31394527,4139.91035966,4139.91035966,21.54890176,11.5317546,0.00126423
demanding,60.0,35.51527771,21.57526138,6.64207491,4.6823189,5.79789755,1721.52910837,3845.4798593,3979.17551147,4144.97449111,4144.97449111,21.57526138,11.54613558,0.00118307
demanding,61.0,35.55464375,21.59995795,6.64902942,4.68786495,5.80476497,1723.56820347,3850.03470481,3983.73035698,4149.71912186,4149.71912186,21.59995795,11.55960926,0.0011072
demanding,62.0,35.59152614,21.62309639,6.65554515,4.6930611,5.81119912,1725.47865018,3854.30218093,3987.9978331,4154.16440948,4154.16440948,21.62309639,11.57223287,0.00103627
demanding,63.0,35.62608159,21.64477501,6.66164981,4.69792942,5.81722733,1727.26856505,3858.30041805,3991.99607022,4158.32923982,4158.32923982,21.64477501,11.58406004,0.00096995
demanding,64.0,35.65845691,21.6650859,6.66736932,4.70249059,5.82287522,1728.94555255,3862.04640272,3995.74205489,4162.23130718,4162.23130718,21.6650859,11.59514103,0.00090793
demanding,65.0,35.68878964,21.68411535,6.67272797,4.706764,5.82816677,1730.51673736,3865.55604976,3999.25170193,4165.88718952,4165.88718952,21.68411535,11.6055229,0.00084992
demanding,66.0,35.71720864,21.70194423,6.67774855,4.71076779,5.83312448,1731.98879468,3868.84426994,4002.53992212,4169.31241887,4169.31241887,21.70194423,11.61524978,0.00079567
demanding,67.0,35.74383467,21.71864826,6.68245237,4.71451897,5.8377694,1733.36797854,3871.92503329,4005.62068546,4172.52154736,4172.52154736,21.71864826,11.62436297,0.00074491
demanding,68.0,35.76878084,21.73429842,6.68685942,4.7180335,5.84212127,1734.66014843,3874.81142844,4008.50708062,4175.52820898,4175.52820898,21.73429842,11.63290121,0.00069743
demanding,69.0,35.79215313,21.74896119,6.69098843,4.72132628,5.84619858,1735.87079413,3877.51571827,4011.21137044,4178.34517755,4178.34517755,21.74896119,11.64090076,0.000653
demanding,70.0,35.81405084,21.76269888,6.69485694,4.72441132,5.85001864,1737.00505908,3880.04939196,4013.74504414,4180.98442098,4180.98442098,21.76269888,11.64839561,0.00061143
demanding,71.0,35.834567,21.77556985,6.69848138,4.72730173,5.85359769,1738.0677622,3882.42321385,4016.11886602,4183.45715211,4183.45715211,21.77556985,11.65541761,0.00057252
demanding,72.0,35.85378878,21.78762877,6.70187715,4.73000978,5.85695094,1739.06341842,3884.64726913,4018.34292131,4185.77387636,4185.77387636,21.78762877,11.66199658,0.00053612
demanding,73.0,35.87179784,21.79892688,6.70505867,4.73254697,5.86009263,1739.99625776,3886.73100672,4020.42665889,4187.94443635,4187.94443635,21.79892688,11.66816048,0.00050204
demanding,74.0,35.88867069,21.80951219,6.70803947,4.73492409,5.8630361,1740.87024341,3888.68327938,4022.37893156,4189.97805371,4189.97805371,21.80951219,11.67393549,0.00047014
demanding,75.0,35.90447902,21.81942966,6.71083221,4.73715123,5.86579387,1741.6890885,3890.51238137,4024.20803354,4191.88336828,4191.88336828,21.81942966,11.67934615,0.00044029
demanding,76.0,35.91928999,21.82872143,6.71344876,4.73923786,5.86837765,1742.45627191,3892.22608363,4025.9217358,4193.6684748,4193.6684748,21.82872143,11.68441545,0.00041234
demanding,77.0,35.93316651,21.83742697,6.71590022,4.74119285,5.87079842,1743.175053,3893.83166684,4027.52731901,4195.3409573,4195.3409573,21.83742697,11.68916492,0.00038618
demanding,78.0,35.94616756,21.84558327,6.71819702,4.74302449,5.87306646,1743.84848554,3895.33595232,4029.0316045,4196.90792135,4196.90792135,21.84558327,11.69361474,0.00036168
demanding,79.0,35.95834836,21.85322498,6.72034891,4.74474057,5.8751914,1744.47943059,3896.74533105,4030.44098323,4198.37602419,4198.37602419,21.85322498,11.69778382,0.00033875
demanding,80.0,35.96976066,21.86038457,6.72236503,4.74634839,5.87718228,1745.07056875,3898.06579078,4031.76144295,4199.75150308,4199.75150308,21.86038457,11.70168987,0.00031727
demanding,81.0,35.98045294,21.86709246,6.72425396,4.74785476,5.87904756,1745.62441145,3899.30294149,4032.99859366,4201.04020173,4201.04020173,21.86709246,11.70534948,0.00029717
demanding,82.0,35.99047065,21.87337714,6.72602371,4.7492661,5.88079515,1746.1433117,3900.46203922,4034.1576914,4202.2475952,4202.2475952,21.87337714,11.7087782,0.00027834
demanding,83.0,35.99985632,21.87926531,6.72768181,4.75058839,5.88243248,1746.62947407,3901.54800841,4035.24366059,4203.37881311,4203.37881311,21.87926531,11.7119906,0.00026071
demanding,84.0,36.00864985,21.88478199,6.7292353,4.75182726,5.88396652,1747.084964,3902.56546281,4036.26111498,4204.43866144,4204.43866144,21.88478199,11.71500033,0.00024421
demanding,85.0,36.01688858,21.88995062,6.73069077,4.75298797,5.88540377,1747.51171665,3903.51872507,4037.21437724,4205.43164296,4205.43164296,21.88995062,11.71782018,0.00022875
demanding,86.0,36.02460752,21.89479315,6.73205442,4.75407544,5.88675034,1747.91154509,3904.41184514,4038.10749731,4206.36197636,4206.36197636,21.89479315,11.72046211,0.00021427
demanding,87.0,36.03183947,21.89933017,6.73333204,4.75509431,5.88801196,1748.28614798,3905.24861744,4038.94426961,4207.23361418,4207.23361418,21.89933017,11.72293737,0.00020071
demanding,88.0,36.03861515,21.90358094,6.73452905,4.7560489,5.88919398,1748.63711683,3906.032597,4039.72824918,4208.05025956,4208.05025956,21.90358094,11.72525645,0.00018801
demanding,89.0,36.04496334,21.90756353,6.73565053,4.75694326,5.89030142,1748.96594273,3906.76711458,4040.46276675,4208.81538203,4208.81538203,21.90756353,11.72742923,0.00017612
demanding,90.0,36.05091102,21.91129485,6.73670127,4.75778119,5.891339,1749.2740227,3907.45529076,4041.15094294,4209.53223222,4209.53223222,21.91129485,11.72946492,0.00016498
demanding,91.0,36.05648346,21.91479076,6.73768571,4.75856626,5.89231111,1749.56266563,3908.10004928,4041.79570145,4210.20385568,4210.20385568,21.91479076,11.73137218,0.00015455
demanding,92.0,36.06170433,21.9180661,6.73860804,4.7593018,5.89322189,1749.8330978,3908.70412939,4042.39978156,4210.83310579,4210.83310579,21.9180661,11.7331591,0.00014478
demanding,93.0,36.0665958,21.92113481,6.73947218,4.75999093,5.89407521,1750.08646817,3909.27009752,4042.9657497,4211.42265593,4211.42265593,21.92113481,11.73483329,0.00013562
demanding,94.0,36.07117867,21.9240099,6.7402818,4.76063659,5.8948747,1750.32385316,3909.80035821,4043.49601038,4211.97501082,4211.97501082,21.9240099,11.73640186,0.00012705
demanding,95.0,36.0754724,21.92670361,6.74104034,4.76124151,5.89562374,1750.54626131,3910.29716426,4043.99281644,4212.49251712,4212.49251712,21.92670361,11.73787146,0.00011902
demanding,96.0,36.07949524,21.92922736,6.74175103,4.76180826,5.89632552,1750.75463753,3910.76262637,4044.45827854,4212.97737348,4212.97737348,21.92922736,11.73924834,0.0001115
demanding,97.0,36.08326427,21.93159189,6.74241687,4.76233926,5.89698303,1750.94986711,3911.19872203,4044.89437421,4213.4316398,4213.4316398,21.93159189,11.74053835,0.00010445
demanding,98.0,36.08679551,21.93380724,6.74304071,4.76283675,5.89759906,1751.13277947,3911.60730403,4045.3029562,4213.85724604,4213.85724604,21.93380724,11.74174698,9.785e-05
demanding,99.0,36.09010396,21.93588282,6.74362519,4.76330286,5.89817622,1751.30415172,3911.99010821,4045.68576038,4214.2560004,4214.2560004,21.93588282,11.74287935,9.167e-05
demanding,100.0,36.09320368,21.93782745,6.7441728,4.76373956,5.89871697,1751.46471193,3912.34876092,4046.04441309,4214.62959697,4214.62959697,21.93782745,11.74394028,8.588e-05
demanding,101.0,36.09610783,21.9396494,6.74468585,4.76414871,5.8992236,1751.61514226,3912.6847859,4046.38043807,4214.97962299,4214.97962299,21.9396494,11.74493427,8.046e-05
demanding,102.0,36.09882876,21.94135639,6.74516654,4.76453205,5.89969826,1751.7560818,3912.99961075,4046.69526293,4215.30756555,4215.30756555,21.94135639,11.74586555,7.537e-05
demanding,103.0,36.10137802,21.94295569,6.7456169,4.7648912,5.90014298,1751.88812933,3913.29457302,4046.99022519,4215.61481791,4215.61481791,21.94295569,11.74673808,7.061e-05
demanding,104.0,36.10376645,21.94445408,6.74603884,4.76522769,5.90055965,1752.01184586,3913.57092584,4047.26657802,4215.90268544,4215.90268544,21.94445408,11.74755556,6.615e-05
demanding,105.0,36.10600419,21.94585795,6.74643417,4.76554295,5.90095002,1752.127757,3913.82984332,4047.52549549,4216.17239114,4216.17239114,21.94585795,11.74832146,6.198e-05
demanding,106.0,36.10810075,21.94717324,6.74680455,4.76583832,5.90131577,1752.2363552,3914.07242545,4047.76807762,4216.42508085,4216.42508085,21.94717324,11.74903904,5.806e-05
demanding,107.0,36.11006503,21.94840555,6.74715157,4.76611506,5.90165844,1752.33810185,3914.29970285,4047.99535502,4216.66182815,4216.66182815,21.94840555,11.74971135,5.44e-05
demanding,108.0,36.11190539,21.94956011,6.74747669,4.76637434,5.90197949,1752.4334292,3914.51264111,4048.20829328,4216.88363883,4216.88363883,21.94956011,11.75034125,5.096e-05
demanding,109.0,36.11362963,21.95064182,6.7477813,4.76661726,5.90228028,1752.52274226,3914.71214489,4048.40779707,4217.09145528,4217.09145528,21.95064182,11.7509314,4.775e-05
demanding,110.0,36.11524509,21.9516553,6.74806669,4.76684485,5.9025621,1752.60642048,3914.89906181,4048.59471398,4217.2861604,4217.2861604,21.9516553,11.75148432,4.473e-05
demanding,111.0,36.11675863,21.95260483,6.74833407,4.76705808,5.90282614,1752.68481936,3915.07418596,4048.76983813,4217.46858139,4217.46858139,21.95260483,11.75200235,4.191e-05
demanding,112.0,36.11817668,21.95349445,6.74858459,4.76725787,5.90307352,1752.75827199,3915.23826136,4048.93391354,4217.63949327,4217.63949327,21.95349445,11.7524877,3.926e-05
demanding,113.0,36.11950527,21.95432795,6.7488193,4.76744504,5.90330529,1752.82709042,3915.3919851,4049.08763728,4217.79962216,4217.79962216,21.95432795,11.75294243,3.678e-05
demanding,114.0,36.12075003,21.95510886,6.7490392,4.76762041,5.90352244,1752.89156703,3915.53601027,4049.23166244,4217.94964838,4217.94964838,21.95510886,11.75336847,3.446e-05
demanding,115.0,36.12191626,21.9558405,6.74924523,4.76778471,5.90372589,1752.95197575,3915.67094876,4049.36660093,4218.0902093,4218.0902093,21.9558405,11.75376763,3.229e-05
demanding,116.0,36.12300891,21.95652598,6.74943826,4.76793865,5.9039165,1753.00857324,3915.79737385,4049.49302603,4218.22190211,4218.22190211,21.95652598,11.75414161,3.025e-05
demanding,117.0,36.12403262,21.95716822,6.74961912,4.76808288,5.90409509,1753.06159993,3915.91582267,4049.61147484,4218.34528629,4218.34528629,21.95716822,11.75449199,2.834e-05
demanding,118.0,36.12499175,21.95776993,6.74978856,4.768218,5.90426241,1753.11128112,3916.02679844,4049.72245062,4218.46088606,4218.46088606,21.95776993,11.75482027,2.655e-05
demanding,119.0,36.12589037,21.95833368,6.74994731,4.7683446,5.90441917,1753.15782788,3916.13077265,4049.82642483,4218.56919253,4218.56919253,21.95833368,11.75512784,2.487e-05
demanding,120.0,36.12673229,21.95886187,6.75009605,4.76846322,5.90456605,1753.20143797,3916.22818703,4049.92383921,4218.67066584,4218.67066584,21.95886187,11.755416,2.33e-05
demanding,121.0,36.12752109,21.95935673,6.7502354,4.76857434,5.90470365,1753.24229665,3916.31945545,4050.01510762,4218.76573711,4218.76573711,21.95935673,11.75568598,2.183e-05
demanding,122.0,36.12826013,21.95982037,6.75036596,4.76867846,5.90483258,1753.28057752,3916.40496566,4050.10061783,4218.85481024,4218.85481024,21.95982037,11.75593892,2.046e-05
demanding,123.0,36.12895254,21.96025476,6.75048828,4.76877601,5.90495337,1753.31644321,3916.48508095,4050.18073313,4218.93826367,4218.93826367,21.96025476,11.75617591,1.916e-05
demanding,124.0,36.12960126,21.96066174,6.75060289,4.76886741,5.90506654,1753.35004611,3916.5601417,4050.25579387,4219.01645195,4219.01645195,21.96066174,11.75639795,1.796e-05
demanding,125.0,36.13020906,21.96104305,6.75071026,4.76895304,5.90517257,1753.38152897,3916.63046679,4050.32611896,4219.08970725,4219.08970725,21.96104305,11.75660598,1.682e-05
demanding,126.0,36.13077851,21.9614003,6.75081086,4.76903326,5.90527191,1753.41102554,3916.69635501,4050.39200718,4219.15834081,4219.15834081,21.9614003,11.75680088,1.576e-05
demanding,127.0,36.13131203,21.96173501,6.75090511,4.76910843,5.90536498,1753.43866115,3916.75808628,4050.45373845,4219.22264422,4219.22264422,21.96173501,11.75698349,1.477e-05
demanding,128.0,36.13181189,21.9620486,6.75099342,4.76917885,5.90545219,1753.4645532,3916.81592286,4050.51157504,4219.28289066,4219.28289066,21.9620486,11.75715458,1.383e-05
demanding,129.0,36.13228022,21.96234241,6.75107616,4.76924483,5.90553389,1753.4888117,3916.87011049,4050.56576266,4219.3393361,4219.3393361,21.96234241,11.75731487,1.296e-05
demanding,130.0,36.132719,21.96261768,6.75115367,4.76930665,5.90561043,1753.51153971,3916.92087936,4050.61653154,4219.39222035,4219.39222035,21.96261768,11.75746505,1.214e-05
demanding,131.0,36.13313009,21.96287558,6.7512263,4.76936457,5.90568215,1753.53283379,3916.96844518,4050.66409736,4219.44176808,4219.44176808,21.96287558,11.75760575,1.138e-05
demanding,132.0,36.13351525,21.96311721,6.75129434,4.76941883,5.90574934,1753.5527844,3917.01301003,4050.70866221,4219.4881898,4219.4881898,21.96311721,11.75773758,1.066e-05
demanding,133.0,36.13387611,21.9633436,6.75135809,4.76946967,5.90581229,1753.57147631,3917.05476325,4050.75041542,4219.53168273,4219.53168273,21.9633436,11.75786109,9.99e-06
demanding,134.0,36.13421421,21.96355571,6.75141782,4.7695173,5.90587127,1753.58898894,3917.09388221,4050.78953438,4219.57243165,4219.57243165,21.96355571,11.75797681,9.36e-06
demanding,135.0,36.13453097,21.96375443,6.75147378,4.76956193,5.90592653,1753.60539667,3917.13053312,4050.8261853,4219.61060968,4219.61060968,21.96375443,11.75808522,8.77e-06
demanding,136.0,36.13482774,21.96394061,6.75152621,4.76960374,5.9059783,1753.62076923,3917.1648717,4050.86052387,4219.64637903,4219.64637903,21.96394061,11.7581868,8.21e-06
demanding,137.0,36.1351058,21.96411505,6.75157533,4.76964291,5.90602681,1753.63517191,3917.19704382,4050.89269599,4219.67989166,4219.67989166,21.96411505,11.75828197,7.69e-06
demanding,138.0,36.13536631,21.96427849,6.75162135,4.76967961,5.90607225,1753.64866592,3917.22718617,4050.92283834,4219.71128994,4219.71128994,21.96427849,11.75837113,7.21e-06
demanding,139.0,36.13561038,21.96443161,6.75166447,4.769714,5.90611483,1753.66130858,3917.25542681,4050.95107899,4219.74070728,4219.74070728,21.96443161,11.75845467,6.75e-06
demanding,140.0,36.13583906,21.96457507,6.75170487,4.76974622,5.90615473,1753.6731536,3917.28188573,4050.9775379,4219.76826865,4219.76826865,21.96457507,11.75853294,6.33e-06
demanding,141.0,36.13605331,21.96470948,6.75174272,4.7697764,5.9061921,1753.68425131,3917.30667532,4051.0023275,4219.79409114,4219.79409114,21.96470948,11.75860627,5.93e-06
demanding,142.0,36.13625404,21.96483541,6.75177818,4.76980468,5.90622712,1753.69464885,3917.32990092,4051.0255531,4219.81828448,4219.81828448,21.96483541,11.75867497,5.55e-06
demanding,143.0,36.1364421,21.9649534,6.75181141,4.76983118,5.90625993,1753.70439041,3917.3516612,4051.04731337,4219.84095143,4219.84095143,21.9649534,11.75873934,5.2e-06
demanding,144.0,36.13661831,21.96506394,6.75184254,4.769856,5.90629067,1753.71351736,3917.3720486,4051.06770077,4219.8621883,4219.8621883,21.96506394,11.75879965,4.88e-06
demanding,145.0,36.13678339,21.9651675,6.7518717,4.76987926,5.90631947,1753.72206848,3917.39114974,4051.08680191,4219.88208532,4219.88208532,21.9651675,11.75885615,4.57e-06
demanding,146.0,36.13693806,21.96526454,6.75189902,4.76990105,5.90634645,1753.7300801,3917.40904577,4051.10469794,4219.90072702,4219.90072702,21.96526454,11.75890909,4.28e-06
demanding,147.0,36.13708297,21.96535545,6.75192462,4.76992146,5.90637173,1753.73758626,3917.42581272,4051.1214649,4219.9181926,4219.9181926,21.96535545,11.75895869,4.01e-06
demanding,148.0,36.13721874,21.96544062,6.75194861,4.76994059,5.90639541,1753.74461886,3917.44152183,4051.13717401,4219.93455626,4219.93455626,21.96544062,11.75900516,3.76e-06
demanding,149.0,36.13734594,21.96552043,6.75197108,4.76995851,5.9064176,1753.75120776,3917.45623984,4051.15189202,4219.94988752,4219.94988752,21.96552043,11.7590487,3.52e-06
demanding,150.0,36.13746512,21.96559519,6.75199214,4.7699753,5.90643839,1753.75738096,3917.47002928,4051.16568145,4219.96425151,4219.96425151,21.96559519,11.75908949,3.3e-06
demanding,151.0,36.13757678,21.96566524,6.75201186,4.76999103,5.90645787,1753.76316468,3917.48294873,4051.1786009,4219.97770927,4219.97770927,21.96566524,11.7591277,3.09e-06
demanding,152.0,36.13768139,21.96573087,6.75203034,4.77000577,5.90647612,1753.76858351,3917.49505307,4051.19070525,4219.99031797,4219.99031797,21.96573087,11.75916351,2.89e-06
demanding,153.0,36.13777941,21.96579236,6.75204766,4.77001958,5.90649322,1753.77366046,3917.50639375,4051.20204592,4220.00213117,4220.00213117,21.96579236,11.75919706,2.71e-06
demanding,154.0,36.13787124,21.96584997,6.75206388,4.77003252,5.90650924,1753.7784171,3917.51701893,4051.2126711,4220.01319906,4220.01319906,21.96584997,11.75922849,2.54e-06
demanding,155.0,36.13795727,21.96590395,6.75207908,4.77004464,5.90652425,1753.78287363,3917.52697376,4051.22262593,4220.02356868,4220.02356868,21.96590395,11.75925793,2.38e-06
demanding,156.0,36.13803788,21.96595452,6.75209332,4.770056,5.90653831,1753.787049,3917.53630052,4051.2319527,4220.03328406,4220.03328406,21.96595452,11.75928552,2.23e-06
demanding,157.0,36.1381134,21.9660019,6.75210666,4.77006664,5.90655149,1753.79096095,3917.54503886,4051.24069103,4220.04238649,4220.04238649,21.9660019,11.75931137,2.09e-06
demanding,158.0,36.13818416,21.96604629,6.75211916,4.7700766,5.90656383,1753.79462608,3917.55322588,4051.24887806,4220.05091464,4220.05091464,21.96604629,11.75933559,1.96e-06
demanding,159.0,36.13825046,21.96608788,6.75213087,4.77008594,5.9065754,1753.79805998,3917.56089638,4051.25654855,4220.05890474,4220.05890474,21.96608788,11.75935828,1.83e-06
demanding,160.0,36.13831257,21.96612684,6.75214185,4.77009469,5.90658623,1753.80127723,3917.56808294,4051.26373511,4220.06639074,4220.06639074,21.96612684,11.75937954,1.72e-06
demanding,161.0,36.13837076,21.96616335,6.75215213,4.77010289,5.90659638,1753.8042915,3917.57481609,4051.27046827,4220.07340444,4220.07340444,21.96616335,11.75939946,1.61e-06
demanding,162.0,36.13842528,21.96619755,6.75216176,4.77011057,5.90660589,1753.8071156,3917.58112444,4051.27677662,4220.07997564,4220.07997564,21.96619755,11.75941812,1.51e-06
demanding,163.0,36.13847636,21.9662296,6.75217078,4.77011777,5.9066148,1753.80976152,3917.58703479,4051.28268697,4220.08613226,4220.08613226,21.9662296,11.7594356,1.41e-06
demanding,164.0,36.13852422,21.96625963,6.75217924,4.77012451,5.90662315,1753.81224051,3917.59257226,4051.28822443,4220.09190045,4220.09190045,21.96625963,11.75945198,1.32e-06
demanding,165.0,36.13856906,21.96628776,6.75218716,4.77013083,5.90663098,1753.8145631,3917.59776036,4051.29341253,4220.09730472,4220.09730472,21.96628776,11.75946733,1.24e-06
demanding,166.0,36.13861107,21.96631411,6.75219458,4.77013675,5.9066383,1753.81673915,3917.60262113,4051.29827331,4220.10236803,4220.10236803,21.96631411,11.75948171,1.16e-06
demanding,167.0,36.13865043,21.9663388,6.75220153,4.77014229,5.90664517,1753.81877791,3917.60717524,4051.30282741,4220.10711189,4220.10711189,21.9663388,11.75949518,1.09e-06
demanding,168.0,36.1386873,21.96636194,6.75220805,4.77014749,5.9066516,1753.82068805,3917.61144202,4051.3070942,4220.11155645,4220.11155645,21.96636194,11.7595078,1.02e-06
demanding,169.0,36.13872185,21.96638361,6.75221415,4.77015236,5.90665763,1753.82247767,3917.61543961,4051.31109178,4220.11572061,4220.11572061,21.96638361,11.75951962,9.6e-07
demanding,170.0,36.13875422,21.96640392,6.75221987,4.77015692,5.90666328,1753.82415439,3917.61918499,4051.31483716,4220.11962204,4220.11962204,21.96640392,11.7595307,9e-07
demanding,171.0,36.13878455,21.96642295,6.75222523,4.77016119,5.90666857,1753.82572532,3917.62269406,4051.31834624,4220.12327733,4220.12327733,21.96642295,11.75954108,8.4e-07
demanding,172.0,36.13881297,21.96644077,6.75223025,4.77016519,5.90667353,1753.82719714,3917.62598175,4051.32163392,4220.126702,4220.126702,21.96644077,11.75955081,7.9e-07
demanding,173.0,36.13883959,21.96645747,6.75223495,4.77016894,5.90667817,1753.8285761,3917.62906201,4051.32471419,4220.12991061,4220.12991061,21.96645747,11.75955992,7.4e-07
demanding,174.0,36.13886453,21.96647312,6.75223936,4.77017246,5.90668252,1753.82986806,3917.63194794,4051.32760011,4220.13291678,4220.13291678,21.96647312,11.75956846,6.9e-07
demanding,175.0,36.1388879,21.96648778,6.75224349,4.77017575,5.9066866,1753.83107851,3917.63465179,4051.33030396,4220.13573329,4220.13573329,21.96648778,11.75957646,6.5e-07
demanding,176.0,36.13890979,21.96650152,6.75224736,4.77017883,5.90669042,1753.83221259,3917.63718505,4051.33283723,4220.13837211,4220.13837211,21.96650152,11.75958395,6.1e-07
demanding,177.0,36.13893031,21.96651439,6.75225098,4.77018172,5.906694,1753.83327512,3917.63955849,4051.33521066,4220.14084444,4220.14084444,21.96651439,11.75959097,5.7e-07
demanding,178.0,36.13894952,21.96652644,6.75225437,4.77018443,5.90669735,1753.83427061,3917.64178218,4051.33743436,4220.14316079,4220.14316079,21.96652644,11.75959755,5.3e-07
demanding,179.0,36.13896753,21.96653774,6.75225756,4.77018697,5.90670049,1753.8352033,3917.64386558,4051.33951775,4220.14533099,4220.14533099,21.96653774,11.75960371,5e-07
demanding,180.0,36.1389844,21.96654832,6.75226054,4.77018934,5.90670343,1753.83607714,3917.64581754,4051.34146971,4220.14736428,4220.14736428,21.96654832,11.75960949,4.7e-07
demanding,181.0,36.13900021,21.96655824,6.75226333,4.77019157,5.90670619,1753.83689586,3917.64764634,4051.34329852,4220.14926929,4220.14926929,21.96655824,11.75961489,4.4e-07
demanding,182.0,36.13901502,21.96656753,6.75226594,4.77019366,5.90670877,1753.83766292,3917.64935977,4051.34501194,4220.1510541,4220.1510541,21.96656753,11.75961996,4.1e-07
demanding,183.0,36.13902889,21.96657623,6.75226839,4.77019561,5.90671119,1753.83838158,3917.65096509,4051.34661726,4220.15272631,4220.15272631,21.96657623,11.75962471,3.8e-07
demanding,184.0,36.13904189,21.96658439,6.75227069,4.77019744,5.90671346,1753.8390549,3917.65246913,4051.3481213,4220.15429302,4220.15429302,21.96658439,11.75962916,3.6e-07
demanding,185.0,36.13905407,21.96659203,6.75227284,4.77019916,5.90671559,1753.83968575,3917.65387828,4051.34953045,4220.15576089,4220.15576089,21.96659203,11.75963333,3.4e-07
demanding,186.0,36.13906548,21.96659919,6.75227486,4.77020077,5.90671758,1753.84027679,3917.65519852,4051.3508507,4220.15713614,4220.15713614,21.96659919,11.75963723,3.2e-07
demanding,187.0,36.13907617,21.96660589,6.75227675,4.77020227,5.90671944,1753.84083054,3917.65643547,4051.35208765,4220.15842463,4220.15842463,21.96660589,11.75964089,3e-07
demanding,188.0,36.13908618,21.96661218,6.75227852,4.77020368,5.90672119,1753.84134936,3917.65759438,4051.35324656,4220.15963183,4220.15963183,21.96661218,11.75964432,2.8e-07
demanding,189.0,36.13909557,21.96661807,6.75228017,4.77020501,5.90672283,1753.84183544,3917.65868018,4051.35433235,4220.16076287,4220.16076287,21.96661807,11.75964753,2.6e-07
demanding,190.0,36.13910436,21.96662358,6.75228173,4.77020625,5.90672436,1753.84229086,3917.65969747,4051.35534964,4220.16182254,4220.16182254,21.96662358,11.75965054,2.4e-07
demanding,191.0,36.1391126,21.96662875,6.75228318,4.77020741,5.9067258,1753.84271754,3917.66065057,4051.35630275,4220.16281536,4220.16281536,21.96662875,11.75965336,2.3e-07
demanding,192.0,36.13912032,21.96663359,6.75228455,4.77020849,5.90672714,1753.8431173,3917.66154355,4051.35719572,4220.16374554,4220.16374554,21.96663359,11.759656,2.1e-07
demanding,193.0,36.13912755,21.96663813,6.75228582,4.77020951,5.9067284,1753.84349184,3917.66238018,4051.35803236,4220.16461704,4220.16461704,21.96663813,11.75965848,2e-07
demanding,194.0,36.13913432,21.96664238,6.75228702,4.77021047,5.90672959,1753.84384276,3917.66316404,4051.35881621,4220.16543355,4220.16543355,21.96664238,11.7596608,1.9e-07
demanding,195.0,36.13914067,21.96664636,6.75228814,4.77021136,5.90673069,1753.84417153,3917.66389844,4051.35955061,4220.16619855,4220.16619855,21.96664636,11.75966297,1.8e-07
demanding,196.0,36.13914662,21.96665009,6.75228919,4.7702122,5.90673173,1753.84447956,3917.6645865,4051.36023867,4220.16691529,4220.16691529,21.96665009,11.75966501,1.6e-07
demanding,197.0,36.13915219,21.96665359,6.75229018,4.77021298,5.9067327,1753.84476816,3917.66523115,4051.36088333,4220.1675868,4220.1675868,21.96665359,11.75966691,1.5e-07
demanding,198.0,36.13915741,21.96665686,6.7522911,4.77021372,5.90673361,1753.84503854,3917.66583514,4051.36148731,4220.16821595,4220.16821595,21.96665686,11.7596687,1.4e-07
demanding,199.0,36.1391623,21.96665993,6.75229196,4.77021441,5.90673447,1753.84529187,3917.66640101,4051.36205319,4220.1688054,4220.1688054,21.96665993,11.75967037,1.4e-07
demanding,200.0,36.13916688,21.9666628,6.75229277,4.77021505,5.90673527,1753.84552922,3917.66693119,4051.36258336,4220.16935767,4220.16935767,21.9666628,11.75967194,1.3e-07
